<?xml version="1.0" encoding="UTF-8"?>
<addon id="repository.DS9" name="[COLOR red][I]DS9 Repo[/I][/COLOR]" version="1.0.1" provider-name="Captain Sisko">
<extension point="xbmc.addon.repository" name="[COLOR red]DS9 Repo[/COLOR]">
	<dir>
		<info compressed="false">https://raw.githubusercontent.com/totalrevolution/python-koding/master/zips/addons.xml</info>	
		<checksum>https://raw.githubusercontent.com/totalrevolution/python-koding/master/zips/addons.xml.md5</checksum>
		<datadir zip="true">https://raw.githubusercontent.com/totalrevolution/python-koding/master/zips/</datadir>
	</dir>
	<dir>
		<info compressed="false">https://raw.githubusercontent.com/Floyd6969/modrepo/master/addons.xml</info>
		<checksum>https://raw.githubusercontent.com/Floyd6969/modrepo/master/addons.xml.md5</checksum>
		<datadir zip="true">https://raw.githubusercontent.com/Floyd6969/modrepo/master/plugins/</datadir>
	</dir>
	<dir>
        <info compressed="false">https://raw.githubusercontent.com/teamuniversal/scrapers/master/_modules4all/zips/addons.xml</info>
        <checksum>https://raw.githubusercontent.com/teamuniversal/scrapers/master/_modules4all/zips/addons.xml.md5</checksum>
        <datadir zip="true">https://raw.githubusercontent.com/teamuniversal/scrapers/master/_modules4all/zips/</datadir>
    </dir>
	<dir>
        <info compressed="false">https://raw.githubusercontent.com/a4k-openproject/repository.openscrapers/master/zips/addons.xml</info>
        <checksum>https://raw.githubusercontent.com/a4k-openproject/repository.openscrapers/master/zips/addons.xml.md5</checksum>
        <datadir zip="true">https://raw.githubusercontent.com/a4k-openproject/repository.openscrapers/master/zips/</datadir>
    </dir>
	<dir>
        <info compressed="false">https://raw.githubusercontent.com/Gujal00/smrzips/master/addons.xml</info>
        <checksum>https://raw.githubusercontent.com/Gujal00/smrzips/master/addons.xml.md5</checksum>
        <datadir zip="true">https://raw.githubusercontent.com/Gujal00/smrzips/master/zips/</datadir>
	</dir>

		<info compressed="false">https://raw.githubusercontent.com/DS9Repo/repo/master/addons.xml</info>
		<checksum>https://raw.githubusercontent.com/DS9Repo/repo/master/addons.xml.md5</checksum>
		<datadir zip="true">https://raw.githubusercontent.com/DS9Repo/repo/master/plugins/</datadir>
	</extension>
	<extension point="xbmc.addon.metadata">
		<summary>DS9</summary>
		<description>DS9 Repository for add-on and dependencies</description>
		<platform>all</platform>
	</extension>
</addon>